{
    "curveFile": "configs/models/combined.obj",
    "curveRadius": 0.0015,
    "fixVertex": [
        [
            0.0,
            0.0,
            0.0
        ]
    ],
    "transform": [
        [
            1,
            0,
            0,
            0
        ],
        [
            0,
            1,
            0,
            0
        ],
        [
            0,
            0,
            1,
            0
        ]
    ],
    "frenetQ": [
        [
            0.374681866960897,
            0.7627621868228323,
            -0.2197206364444574,
            0.4790930878695603
        ],
        [
            0.38438794570372625,
            0.7567994471136726,
            -0.22325965060490208,
            0.4792239898605718
        ],
        [
            0.4027595562597752,
            0.7450151416542818,
            -0.23081158624606854,
            0.47902316248992904
        ],
        [
            0.4279485835015565,
            0.72766509745594,
            -0.24315126567665699,
            0.47774572507065777
        ],
        [
            0.4576766729509231,
            0.7050411828514631,
            -0.26106327806818075,
            0.47465246061121324
        ],
        [
            0.4896339047579508,
            0.6773381227296089,
            -0.28506076407590575,
            0.4692675863439451
        ],
        [
            0.5218214225109215,
            0.6444965944560589,
            -0.31527679032980405,
            0.46144023255732414
        ],
        [
            0.5528546305593488,
            0.6060177163707694,
            -0.3516213341677339,
            0.451061772124336
        ],
        [
            0.5823498491495849,
            0.5605912910415332,
            -0.3942044065771583,
            0.4372744486463774
        ],
        [
            0.6117865343043889,
            0.5048652410444766,
            -0.44420371627927535,
            0.41654697606945673
        ],
        [
            0.6474432669894977,
            0.4278248501031517,
            -0.5065193030951206,
            0.37579423792311556
        ],
        [
            0.7117328578379035,
            0.2702166556619269,
            -0.5997560376729588,
            0.24639803844918626
        ],
        [
            0.7097227061210868,
            -0.2202313911942083,
            -0.6193552152595776,
            -0.25335929444089356
        ],
        [
            0.5814949922682642,
            -0.45913237244611754,
            -0.47629185331457935,
            -0.4735051309173896
        ],
        [
            -0.527188443069734,
            0.5405524135496832,
            0.3955991888017635,
            0.5228543922725608
        ],
        [
            -0.4904739678692187,
            0.5916340333197099,
            0.3377408797345961,
            0.5434478407506815
        ],
        [
            -0.4552100750120489,
            0.6308735496256626,
            0.2908412279604419,
            0.5569503856796437
        ],
        [
            -0.4159506366036419,
            0.6632178863780347,
            0.2511320731037763,
            0.5692624921386238
        ],
        [
            -0.37037807287657437,
            0.6905755070873518,
            0.21692819210603764,
            0.5821234504921512
        ],
        [
            -0.31766134065487484,
            0.7137734229779039,
            0.18729173731082646,
            0.5954331015646057
        ],
        [
            -0.25813740062715823,
            0.7331119734448218,
            0.16158742287227232,
            0.608113000649378
        ],
        [
            -0.1933153607043907,
            0.7486333517454373,
            0.1391863763339396,
            0.618711910838276
        ],
        [
            -0.12581779481314112,
            0.7603385188018754,
            0.11926572293947957,
            0.6259639819240814
        ],
        [
            -0.05911444465389101,
            0.7683690981608517,
            0.10088624206739115,
            0.6292347555453855
        ],
        [
            0.0029081666779408517,
            0.7731042370913868,
            0.08342357192379697,
            0.6287621877986883
        ],
        [
            0.056350034389873606,
            0.7751471161835676,
            0.06716461953083433,
            0.6256680715681737
        ],
        [
            0.097440302461446,
            0.7752448855961259,
            0.05381456624620067,
            0.6217754797939564
        ],
        [
            0.12220175787342516,
            0.774171945239644,
            0.046981177013396457,
            0.619287734888191
        ],
        [
            0.12538410345032303,
            0.7724386091982239,
            0.05312540642416292,
            0.6203185575284198
        ],
        [
            0.09850639577426398,
            0.7692188234350961,
            0.08339329068873583,
            0.6258150291681996
        ],
        [
            0.029393123723228838,
            0.759066370610629,
            0.1534820996491919,
            0.6319790616571673
        ],
        [
            -0.0825706909576855,
            0.7298781905609903,
            0.2653696035598986,
            0.6245309291337359
        ],
        [
            -0.1964149942874114,
            0.6841231945378297,
            0.3754211306577672,
            0.5936796942544645
        ],
        [
            -0.27111883577704327,
            0.6484083963045625,
            0.443359487021133,
            0.5563213943009957
        ],
        [
            -0.3087529829064057,
            0.6332199754549526,
            0.4751835157670991,
            0.5271666573053014
        ],
        [
            -0.32292121481288943,
            0.6327575979796611,
            0.48700612315197583,
            0.5080991509885251
        ],
        [
            -0.3225298210496791,
            0.6399331056630951,
            0.48887315101788054,
            0.49745670869322534
        ],
        [
            -0.3126235353457209,
            0.6498987273813958,
            0.48612301295455795,
            0.4935408651489435
        ],
        [
            -0.2968051796752636,
            0.6594069256971066,
            0.4819807753308953,
            0.49475622671377645
        ],
        [
            -0.28011287519868117,
            0.6645522580983027,
            0.48098757206915327,
            0.49855594362056893
        ],
        [
            -0.2974946266991848,
            0.6316497933494521,
            0.5259884457352397,
            0.4856455915580145
        ],
        [
            -0.5456084436946949,
            -0.37243707369039153,
            0.7322472626803015,
            -0.16557777208066418
        ],
        [
            -0.5509311395700411,
            -0.38147788125743487,
            0.7248583133678297,
            -0.1597808846669071
        ],
        [
            -0.5630614025541751,
            -0.3587506021625924,
            0.7319185236032152,
            -0.1362172426978028
        ],
        [
            -0.5757324875584684,
            -0.3238193787942176,
            0.7424949726157123,
            -0.1112399583218977
        ],
        [
            -0.5874596580418606,
            -0.27879813835640116,
            0.7546243143609985,
            -0.08777751646941287
        ],
        [
            -0.5975194605306154,
            -0.22429514427260172,
            0.7669209086084108,
            -0.06704105072405193
        ],
        [
            -0.605486084142949,
            -0.16086181298572214,
            0.7778603801343689,
            -0.04942982955057877
        ],
        [
            -0.6110755619064365,
            -0.08913822492097781,
            0.7857849486346548,
            -0.03439547932364445
        ],
        [
            -0.61405169434902,
            -0.009676819572029823,
            0.7889500968541445,
            -0.020115180931432122
        ],
        [
