{
	"curveFile": "configs/models/letter_H.poly",
	"resampleLength": 2e-3,
	"breakUpClosedCurves": true,
	"curveRadius": 0.0010,
	"fixVertex": [[0.059595, 0.103033, -0.012994]
				,[0.053264, 0.100126, 0.011746]
				,[0.082466, 0.098482, -0.000402]
				,[-0.082565, 0.094603, -0.006412]
				,[-0.061156, 0.094468, -0.020333]
				,[-0.045035, 0.095145, 0.010136]],

	"simulation": {
		// Material
		"density": 1e-3,
		"frictionCoeff": 0.1,
		"kStretch": 1e-1,
		"kBend": 2e-7,
		"kCollision": 2e-4,
		"kFriction": 5,
		"damping": 1e-7,

		// Env
		"gravity": [0, -9.8, 0],
		"drag": 0.2,

		// Solver
		"maxTimeStep": 4e-4,
		"numIterations": 4,
		"detectionPeriod": 4,
		"detectionScaler": 1.1,
		"stepLimit": true,
		"velStepLimit": true,
	},
}