{
	"curveFile": "configs/models/letter_A.poly",
	"resampleLength": 2e-3,
	"breakUpClosedCurves": true,
	"curveRadius": 0.0010,
	"fixVertex": [[-0.068234, 0.0244928, -0.00661]
				,[0.03465, 0.094468, -0.00797]
				,[-0.079465, -0.006023, -0.003043]
				,[0.068951, 0.002248, -0.010396]
				,[-0.045316, 0.090014, -0.008335]
				,[0.050153, 0.055448, -0.008196]],

	"simulation": {
		// Material
		"density": 1e-3,
		"frictionCoeff": 0.1,
		"kStretch": 1e-1,
		"kBend": 2e-7,
		"kCollision": 2e-4,
		"kFriction": 5,
		"damping": 1e-7,

		// Env
		"gravity": [0, -9.8, 0],
		"drag": 0.2,

		// Solver
		"maxTimeStep": 4e-4,
		"numIterations": 4,
		"detectionPeriod": 4,
		"detectionScaler": 1.1,
		"stepLimit": true,
		"velStepLimit": true,
	},
}