{
	"curveFile": "configs/models/letter_P.poly",
	"resampleLength": 2e-3,
	"breakUpClosedCurves": true,
	"curveRadius": 0.0010,
	"fixVertex": [[0.049866, 0.091897, -0.007317]
				,[0.056756, 0.088782, 0.002113]
				,[-0.072929, 0.100812, 0.009539]
				,[-0.062475, 0.102538, -0.014192]
				,[-0.073202, 0.094967, -0.013889]
				,[-0.074922, 0.070474, -0.014251]],

	"simulation": {
		// Material
		"density": 1e-3,
		"frictionCoeff": 0.1,
		"kStretch": 1e-1,
		"kBend": 2e-7,
		"kCollision": 2e-4,
		"kFriction": 5,
		"damping": 1e-7,

		// Env
		"gravity": [0, -9.8, 0],
		"drag": 0.2,

		// Solver
		"maxTimeStep": 4e-4,
		"numIterations": 4,
		"detectionPeriod": 1,
		"detectionScaler": 1.2,
		"stepLimit": true,
		"motionFitting": false
	},
}